{
  "zoom": 15,
  "center_px_x": 7487980.446242134,
  "center_px_y": 3080489.993936498,
  "width_px": 1259,
  "height_px": 976
}