{
  "zoom": 16,
  "center_px_x": 14975960.892484268,
  "center_px_y": 6160979.987872996,
  "width_px": 2170,
  "height_px": 1681
}