{
  "zoom": 15,
  "center_px_x": 7232926.928804977,
  "center_px_y": 3362457.751599853,
  "width_px": 1214,
  "height_px": 941
}