{
  "zoom": 15,
  "center_px_x": 7169541.686340267,
  "center_px_y": 3560920.565308961,
  "width_px": 1660,
  "height_px": 1330
}