{
  "zoom": 16,
  "center_px_x": 14339083.372680534,
  "center_px_y": 7121841.130617922,
  "width_px": 1899,
  "height_px": 1472
}