{
  "zoom": 14,
  "center_px_x": 3711804.3517383114,
  "center_px_y": 1642282.8435549792,
  "width_px": 1787,
  "height_px": 1385
}