{
  "zoom": 13,
  "center_px_x": 1855802.3543466667,
  "center_px_y": 821113.8102221848,
  "width_px": 1153,
  "height_px": 894
}